Path;SteerAngle;Throttle;Brake;Speed;X_Position;Y_Position;Pitch;Yaw;Roll
C:\Users\padwa\Desktop\Robotics Nanodegree\RoboND-Rover-Project-master\code\Recorded Data\IMG\robocam_2018_06_02_16_58_55_307.jpg;0;0;1;0;89.33879;81.4935;0.000236845;312.8957;1.734163E-07
C:\Users\padwa\Desktop\Robotics Nanodegree\RoboND-Rover-Project-master\code\Recorded Data\IMG\robocam_2018_06_02_16_58_55_339.jpg;0;0;0;0;89.33879;81.4935;0.0002281429;312.8957;3.706795E-06
C:\Users\padwa\Desktop\Robotics Nanodegree\RoboND-Rover-Project-master\code\Recorded Data\IMG\robocam_2018_06_02_16_58_55_400.jpg;13.69431;0;0;0;89.33879;81.4935;0.000225877;315.439;-4.62056E-06
C:\Users\padwa\Desktop\Robotics Nanodegree\RoboND-Rover-Project-master\code\Recorded Data\IMG\robocam_2018_06_02_16_58_55_467.jpg;9.7187;0;0;0;89.33879;81.4935;0.0002237439;317.4299;-8.89419E-06
C:\Users\padwa\Desktop\Robotics Nanodegree\RoboND-Rover-Project-master\code\Recorded Data\IMG\robocam_2018_06_02_16_58_55_534.jpg;5.739491;0;0;0;89.33879;81.4935;0.0002229405;319.0487;-1.220476E-05
C:\Users\padwa\Desktop\Robotics Nanodegree\RoboND-Rover-Project-master\code\Recorded Data\IMG\robocam_2018_06_02_16_58_55_600.jpg;1.751844;0;0;0;89.33879;81.4935;0.0002227773;319.4818;-1.100274E-05
C:\Users\padwa\Desktop\Robotics Nanodegree\RoboND-Rover-Project-master\code\Recorded Data\IMG\robocam_2018_06_02_16_58_55_667.jpg;0;0;0;0;89.33879;81.4935;0.0002226562;319.4818;-7.9505E-06
C:\Users\padwa\Desktop\Robotics Nanodegree\RoboND-Rover-Project-master\code\Recorded Data\IMG\robocam_2018_06_02_16_58_55_744.jpg;0;0;0;0;89.33879;81.4935;0.000222758;319.4818;-3.64961E-06
C:\Users\padwa\Desktop\Robotics Nanodegree\RoboND-Rover-Project-master\code\Recorded Data\IMG\robocam_2018_06_02_16_58_55_801.jpg;0;0;0;0;89.33879;81.4935;0.0002230617;319.4818;-4.405788E-07
C:\Users\padwa\Desktop\Robotics Nanodegree\RoboND-Rover-Project-master\code\Recorded Data\IMG\robocam_2018_06_02_16_58_55_868.jpg;-3.995066;0;0;0;89.33879;81.4935;0.0002249928;319.0017;4.473987E-06
C:\Users\padwa\Desktop\Robotics Nanodegree\RoboND-Rover-Project-master\code\Recorded Data\IMG\robocam_2018_06_02_16_58_55_935.jpg;-8.023437;0;0;0;89.33879;81.4935;0.0002251264;317.317;1.307893E-05
C:\Users\padwa\Desktop\Robotics Nanodegree\RoboND-Rover-Project-master\code\Recorded Data\IMG\robocam_2018_06_02_16_58_56_003.jpg;-8.039176;0;0;0;89.33879;81.4935;0.0002261773;315.9908;1.882488E-05
C:\Users\padwa\Desktop\Robotics Nanodegree\RoboND-Rover-Project-master\code\Recorded Data\IMG\robocam_2018_06_02_16_58_56_069.jpg;-12.04908;0;0;0;89.33879;81.4935;0.0002254977;314.0597;2.693921E-05
C:\Users\padwa\Desktop\Robotics Nanodegree\RoboND-Rover-Project-master\code\Recorded Data\IMG\robocam_2018_06_02_16_58_56_136.jpg;-15;0;0;0;89.33879;81.4935;0.000225106;310.5703;3.708105E-05
C:\Users\padwa\Desktop\Robotics Nanodegree\RoboND-Rover-Project-master\code\Recorded Data\IMG\robocam_2018_06_02_16_58_56_202.jpg;-15;0;0;0;89.33879;81.4935;0.0002253672;307.8703;4.520658E-05
C:\Users\padwa\Desktop\Robotics Nanodegree\RoboND-Rover-Project-master\code\Recorded Data\IMG\robocam_2018_06_02_16_58_56_268.jpg;-12.994;0;0;0;89.33879;81.4935;0.0002262088;305.2907;5.101104E-05
C:\Users\padwa\Desktop\Robotics Nanodegree\RoboND-Rover-Project-master\code\Recorded Data\IMG\robocam_2018_06_02_16_58_56_335.jpg;-8.997137;0;0;0;89.33879;81.4935;0.0002272731;302.8914;5.144152E-05
C:\Users\padwa\Desktop\Robotics Nanodegree\RoboND-Rover-Project-master\code\Recorded Data\IMG\robocam_2018_06_02_16_58_56_401.jpg;-5.016671;0;0;0;89.33879;81.4935;0.0002290579;301.8692;4.852901E-05
C:\Users\padwa\Desktop\Robotics Nanodegree\RoboND-Rover-Project-master\code\Recorded Data\IMG\robocam_2018_06_02_16_58_56_467.jpg;-1.030446;0;0;0;89.33879;81.4935;0.0002316873;301.4443;4.282156E-05
C:\Users\padwa\Desktop\Robotics Nanodegree\RoboND-Rover-Project-master\code\Recorded Data\IMG\robocam_2018_06_02_16_58_56_534.jpg;2.03636;0;0;0;89.33879;81.4935;0.0002349153;301.6886;3.031931E-05
C:\Users\padwa\Desktop\Robotics Nanodegree\RoboND-Rover-Project-master\code\Recorded Data\IMG\robocam_2018_06_02_16_58_56_600.jpg;5.986935;0;0;0;89.33879;81.4935;0.0002380468;302.648;1.846064E-05
C:\Users\padwa\Desktop\Robotics Nanodegree\RoboND-Rover-Project-master\code\Recorded Data\IMG\robocam_2018_06_02_16_58_56_666.jpg;9.96209;0;0;0;89.33879;81.4935;0.0002414082;304.2053;3.994104E-06
C:\Users\padwa\Desktop\Robotics Nanodegree\RoboND-Rover-Project-master\code\Recorded Data\IMG\robocam_2018_06_02_16_58_56_733.jpg;13.93286;0;0;0;89.33879;81.4935;0.0002458244;307.3096;-1.654855E-05
C:\Users\padwa\Desktop\Robotics Nanodegree\RoboND-Rover-Project-master\code\Recorded Data\IMG\robocam_2018_06_02_16_58_56_801.jpg;15;0;0;0;89.33879;81.4935;0.0002458669;310.0096;-3.219111E-05
C:\Users\padwa\Desktop\Robotics Nanodegree\RoboND-Rover-Project-master\code\Recorded Data\IMG\robocam_2018_06_02_16_58_56_866.jpg;10.91711;0;0;0;89.33879;81.4935;0.0002450061;312.2147;-4.305418E-05
C:\Users\padwa\Desktop\Robotics Nanodegree\RoboND-Rover-Project-master\code\Recorded Data\IMG\robocam_2018_06_02_16_58_56_934.jpg;6.97014;0;0;0;89.33879;81.4935;0.0002444192;314.1299;-5.070866E-05
C:\Users\padwa\Desktop\Robotics Nanodegree\RoboND-Rover-Project-master\code\Recorded Data\IMG\robocam_2018_06_02_16_58_57_001.jpg;2.960993;0;0;0;89.33879;81.4935;0.0002446957;314.7821;-5.07175E-05
C:\Users\padwa\Desktop\Robotics Nanodegree\RoboND-Rover-Project-master\code\Recorded Data\IMG\robocam_2018_06_02_16_58_57_066.jpg;0;0;0;0;89.33879;81.4935;0.0002452421;314.8887;-4.838987E-05
C:\Users\padwa\Desktop\Robotics Nanodegree\RoboND-Rover-Project-master\code\Recorded Data\IMG\robocam_2018_06_02_16_58_57_133.jpg;-1.977267;0;0;0;89.33879;81.4935;0.0002461512;314.6514;-4.478713E-05
C:\Users\padwa\Desktop\Robotics Nanodegree\RoboND-Rover-Project-master\code\Recorded Data\IMG\robocam_2018_06_02_16_58_57_199.jpg;-5.995776;0;0;0;89.33879;81.4935;0.000247376;313.6915;-3.685425E-05
C:\Users\padwa\Desktop\Robotics Nanodegree\RoboND-Rover-Project-master\code\Recorded Data\IMG\robocam_2018_06_02_16_58_57_266.jpg;-2.005095;0;0;0;89.33879;81.4935;0.0002478625;313.0864;-3.014907E-05
C:\Users\padwa\Desktop\Robotics Nanodegree\RoboND-Rover-Project-master\code\Recorded Data\IMG\robocam_2018_06_02_16_58_57_334.jpg;0;0;0;0;89.33879;81.4935;0.0002459222;313.0851;-2.22742E-05
C:\Users\padwa\Desktop\Robotics Nanodegree\RoboND-Rover-Project-master\code\Recorded Data\IMG\robocam_2018_06_02_16_58_57_399.jpg;0;0;0;0;89.33879;81.4935;0.000243182;313.0851;-1.671774E-05
C:\Users\padwa\Desktop\Robotics Nanodegree\RoboND-Rover-Project-master\code\Recorded Data\IMG\robocam_2018_06_02_16_58_57_465.jpg;0;0;0;0;89.33879;81.4935;0.0002424558;313.0851;-1.390687E-05
C:\Users\padwa\Desktop\Robotics Nanodegree\RoboND-Rover-Project-master\code\Recorded Data\IMG\robocam_2018_06_02_16_58_57_531.jpg;0;0;0;0;89.33879;81.4935;0.0002407605;313.0851;-1.151656E-05
C:\Users\padwa\Desktop\Robotics Nanodegree\RoboND-Rover-Project-master\code\Recorded Data\IMG\robocam_2018_06_02_16_58_57_597.jpg;0;0;0;0;89.33879;81.4935;0.0002395028;313.0851;-9.471082E-06
C:\Users\padwa\Desktop\Robotics Nanodegree\RoboND-Rover-Project-master\code\Recorded Data\IMG\robocam_2018_06_02_16_58_57_664.jpg;0;0;0;0;89.33879;81.4935;0.0002379472;313.0851;-7.308053E-06
C:\Users\padwa\Desktop\Robotics Nanodegree\RoboND-Rover-Project-master\code\Recorded Data\IMG\robocam_2018_06_02_16_58_57_731.jpg;0;0;0;0;89.33879;81.4935;0.0002357947;313.0851;-4.62254E-06
C:\Users\padwa\Desktop\Robotics Nanodegree\RoboND-Rover-Project-master\code\Recorded Data\IMG\robocam_2018_06_02_16_58_57_797.jpg;0;0.1036918;0;0;89.33842;81.4939;359.9879;313.0854;-1.620836E-06
C:\Users\padwa\Desktop\Robotics Nanodegree\RoboND-Rover-Project-master\code\Recorded Data\IMG\robocam_2018_06_02_16_58_57_863.jpg;0;0.3033147;0;0.01211843;89.33868;81.49362;-0.002371939;313.0768;3.241349E-05
C:\Users\padwa\Desktop\Robotics Nanodegree\RoboND-Rover-Project-master\code\Recorded Data\IMG\robocam_2018_06_02_16_58_57_931.jpg;0;0.5013484;0;0.02557361;89.34122;81.49091;0.07688032;313.1036;1.231303E-05
C:\Users\padwa\Desktop\Robotics Nanodegree\RoboND-Rover-Project-master\code\Recorded Data\IMG\robocam_2018_06_02_16_58_57_998.jpg;0;0.7018247;0;0.04649444;89.34511;81.48676;0.1925948;313.1591;-0.0002501504
C:\Users\padwa\Desktop\Robotics Nanodegree\RoboND-Rover-Project-master\code\Recorded Data\IMG\robocam_2018_06_02_16_58_58_064.jpg;0;0.9024444;0;0.1074245;89.35147;81.47999;0.3751856;313.0414;0.000607633
C:\Users\padwa\Desktop\Robotics Nanodegree\RoboND-Rover-Project-master\code\Recorded Data\IMG\robocam_2018_06_02_16_58_58_131.jpg;0;1;0;0.1497154;89.36417;81.46632;0.6891692;313.0318;-0.000995999
C:\Users\padwa\Desktop\Robotics Nanodegree\RoboND-Rover-Project-master\code\Recorded Data\IMG\robocam_2018_06_02_16_58_58_197.jpg;0;1;0;0.1977112;89.37627;81.45336;0.9470682;313.0851;-0.0002613171
C:\Users\padwa\Desktop\Robotics Nanodegree\RoboND-Rover-Project-master\code\Recorded Data\IMG\robocam_2018_06_02_16_58_58_265.jpg;0;1;0;0.2814684;89.39063;81.43791;1.213749;312.9693;0.0004384311
C:\Users\padwa\Desktop\Robotics Nanodegree\RoboND-Rover-Project-master\code\Recorded Data\IMG\robocam_2018_06_02_16_58_58_331.jpg;0;1;0;0.3060169;89.40882;81.41813;1.282067;312.9406;-0.003765177
C:\Users\padwa\Desktop\Robotics Nanodegree\RoboND-Rover-Project-master\code\Recorded Data\IMG\robocam_2018_06_02_16_58_58_398.jpg;0;1;0;0.3833644;89.42396;81.40179;1.172777;312.8183;-0.0008418103
C:\Users\padwa\Desktop\Robotics Nanodegree\RoboND-Rover-Project-master\code\Recorded Data\IMG\robocam_2018_06_02_16_58_58_463.jpg;0;1;0;0.4448009;89.44173;81.38259;1.118957;312.9592;-0.001175363
C:\Users\padwa\Desktop\Robotics Nanodegree\RoboND-Rover-Project-master\code\Recorded Data\IMG\robocam_2018_06_02_16_58_58_530.jpg;0;1;0;0.4939798;89.46944;81.35265;1.13636;313.0582;-0.001174917
C:\Users\padwa\Desktop\Robotics Nanodegree\RoboND-Rover-Project-master\code\Recorded Data\IMG\robocam_2018_06_02_16_58_58_597.jpg;0;1;0;0.5290167;89.49278;81.32747;1.188474;313.1217;-0.001939124
C:\Users\padwa\Desktop\Robotics Nanodegree\RoboND-Rover-Project-master\code\Recorded Data\IMG\robocam_2018_06_02_16_58_58_663.jpg;0;1;0;0.6083302;89.51779;81.30042;1.226427;313.1063;-0.0001314045
C:\Users\padwa\Desktop\Robotics Nanodegree\RoboND-Rover-Project-master\code\Recorded Data\IMG\robocam_2018_06_02_16_58_58_731.jpg;0;1;0;0.6350395;89.55375;81.26176;1.23128;313.1262;-0.001277487
C:\Users\padwa\Desktop\Robotics Nanodegree\RoboND-Rover-Project-master\code\Recorded Data\IMG\robocam_2018_06_02_16_58_58_797.jpg;0;1;0;0.6979623;89.58264;81.23073;1.204363;313.0835;-0.0001419178
C:\Users\padwa\Desktop\Robotics Nanodegree\RoboND-Rover-Project-master\code\Recorded Data\IMG\robocam_2018_06_02_16_58_58_864.jpg;4.064329;1;0;0.773674;89.61434;81.19756;1.192507;313.137;0.0008083517
C:\Users\padwa\Desktop\Robotics Nanodegree\RoboND-Rover-Project-master\code\Recorded Data\IMG\robocam_2018_06_02_16_58_58_930.jpg;8.022276;1;0;0.8107733;89.66138;81.1516;1.189273;313.68;0.005134152
C:\Users\padwa\Desktop\Robotics Nanodegree\RoboND-Rover-Project-master\code\Recorded Data\IMG\robocam_2018_06_02_16_58_58_997.jpg;12.01026;1;0;0.8712583;89.70081;81.11604;1.196233;314.3696;0.01671885
C:\Users\padwa\Desktop\Robotics Nanodegree\RoboND-Rover-Project-master\code\Recorded Data\IMG\robocam_2018_06_02_16_58_59_063.jpg;15;1;0;0.9269829;89.74353;81.08014;1.196579;315.3167;0.0348469
C:\Users\padwa\Desktop\Robotics Nanodegree\RoboND-Rover-Project-master\code\Recorded Data\IMG\robocam_2018_06_02_16_58_59_130.jpg;15;1;0;0.9831491;89.8053;81.03071;1.202685;316.6368;0.04205233
C:\Users\padwa\Desktop\Robotics Nanodegree\RoboND-Rover-Project-master\code\Recorded Data\IMG\robocam_2018_06_02_16_58_59_196.jpg;15;1;0;1.02019;89.85458;80.99303;1.194992;317.6889;0.03438075
C:\Users\padwa\Desktop\Robotics Nanodegree\RoboND-Rover-Project-master\code\Recorded Data\IMG\robocam_2018_06_02_16_58_59_263.jpg;13.01126;1;0;1.077527;89.90676;80.95438;1.195366;318.7907;0.01875151
C:\Users\padwa\Desktop\Robotics Nanodegree\RoboND-Rover-Project-master\code\Recorded Data\IMG\robocam_2018_06_02_16_58_59_329.jpg;9.039423;1;0;1.136245;89.96169;80.91329;1.225065;319.6515;359.9926
C:\Users\padwa\Desktop\Robotics Nanodegree\RoboND-Rover-Project-master\code\Recorded Data\IMG\robocam_2018_06_02_16_58_59_396.jpg;5.003919;1;0;1.182934;90.03793;80.85519;1.254832;320.3748;-0.004820868
C:\Users\padwa\Desktop\Robotics Nanodegree\RoboND-Rover-Project-master\code\Recorded Data\IMG\robocam_2018_06_02_16_58_59_463.jpg;1.06913;1;0;1.227838;90.09618;80.80873;1.246078;320.611;-0.002700698
C:\Users\padwa\Desktop\Robotics Nanodegree\RoboND-Rover-Project-master\code\Recorded Data\IMG\robocam_2018_06_02_16_58_59_529.jpg;-2.028229;1;0;1.291783;90.17623;80.74238;1.233845;320.5591;-0.0006203037
C:\Users\padwa\Desktop\Robotics Nanodegree\RoboND-Rover-Project-master\code\Recorded Data\IMG\robocam_2018_06_02_16_58_59_596.jpg;-5.997886;1;0;1.341881;90.23755;80.68883;1.233441;320.1696;0.001286935
C:\Users\padwa\Desktop\Robotics Nanodegree\RoboND-Rover-Project-master\code\Recorded Data\IMG\robocam_2018_06_02_16_58_59_662.jpg;-10.06207;1;0;1.400566;90.29938;80.63178;1.234408;319.4441;-0.002609951
C:\Users\padwa\Desktop\Robotics Nanodegree\RoboND-Rover-Project-master\code\Recorded Data\IMG\robocam_2018_06_02_16_58_59_729.jpg;-6.163075;1;0;1.447925;90.36264;80.57224;1.234205;318.6843;0.002184459
C:\Users\padwa\Desktop\Robotics Nanodegree\RoboND-Rover-Project-master\code\Recorded Data\IMG\robocam_2018_06_02_16_58_59_795.jpg;-2.149852;1;0;1.494525;90.45087;80.4901;1.251482;318.1266;0.001058398
C:\Users\padwa\Desktop\Robotics Nanodegree\RoboND-Rover-Project-master\code\Recorded Data\IMG\robocam_2018_06_02_16_58_59_862.jpg;-2.090166;1;0;1.540511;90.51959;80.42674;1.254896;317.9449;0.0001729306
C:\Users\padwa\Desktop\Robotics Nanodegree\RoboND-Rover-Project-master\code\Recorded Data\IMG\robocam_2018_06_02_16_58_59_928.jpg;-6.097985;1;0;1.603901;90.58927;80.36037;1.256938;317.5316;0.001129494
C:\Users\padwa\Desktop\Robotics Nanodegree\RoboND-Rover-Project-master\code\Recorded Data\IMG\robocam_2018_06_02_16_58_59_995.jpg;-2.095902;1;0;1.648586;90.68475;80.26827;1.263613;316.9953;0.0009576866
C:\Users\padwa\Desktop\Robotics Nanodegree\RoboND-Rover-Project-master\code\Recorded Data\IMG\robocam_2018_06_02_16_59_00_062.jpg;0;1;0;1.693799;90.7593;80.19756;1.271061;316.8972;-0.0005499121
C:\Users\padwa\Desktop\Robotics Nanodegree\RoboND-Rover-Project-master\code\Recorded Data\IMG\robocam_2018_06_02_16_59_00_128.jpg;2.000354;1;0;1.755905;90.83611;80.12531;1.275336;316.9099;-0.00105211
C:\Users\padwa\Desktop\Robotics Nanodegree\RoboND-Rover-Project-master\code\Recorded Data\IMG\robocam_2018_06_02_16_59_00_195.jpg;6.024979;1;0;1.799655;90.94372;80.02885;1.268747;317.4974;0.009729748
C:\Users\padwa\Desktop\Robotics Nanodegree\RoboND-Rover-Project-master\code\Recorded Data\IMG\robocam_2018_06_02_16_59_00_261.jpg;2.071726;1;0;1.845194;91.02713;79.95468;1.26588;317.8992;-0.002975754
C:\Users\padwa\Desktop\Robotics Nanodegree\RoboND-Rover-Project-master\code\Recorded Data\IMG\robocam_2018_06_02_16_59_00_328.jpg;2.166897;1;0;1.904811;91.11262;79.87822;1.285808;318.0424;-0.002201903
C:\Users\padwa\Desktop\Robotics Nanodegree\RoboND-Rover-Project-master\code\Recorded Data\IMG\robocam_2018_06_02_16_59_00_395.jpg;0;1;0;1.94948;91.22919;79.77335;1.294117;318.1049;-0.001400706
C:\Users\padwa\Desktop\Robotics Nanodegree\RoboND-Rover-Project-master\code\Recorded Data\IMG\robocam_2018_06_02_16_59_00_461.jpg;4.055867;1;0;1.994857;91.31969;79.69361;1.295302;318.3712;-0.0004690016
C:\Users\padwa\Desktop\Robotics Nanodegree\RoboND-Rover-Project-master\code\Recorded Data\IMG\robocam_2018_06_02_16_59_00_528.jpg;0.04759714;1;0;2.054777;91.41253;79.61243;1.295501;318.6253;-0.0025331
C:\Users\padwa\Desktop\Robotics Nanodegree\RoboND-Rover-Project-master\code\Recorded Data\IMG\robocam_2018_06_02_16_59_00_595.jpg;0;1;0;2.097509;91.53894;79.50076;1.305099;318.674;-0.001357906
C:\Users\padwa\Desktop\Robotics Nanodegree\RoboND-Rover-Project-master\code\Recorded Data\IMG\robocam_2018_06_02_16_59_00_661.jpg;0;1;0;2.142862;91.63596;79.41479;1.310941;318.667;-0.001227354
C:\Users\padwa\Desktop\Robotics Nanodegree\RoboND-Rover-Project-master\code\Recorded Data\IMG\robocam_2018_06_02_16_59_00_727.jpg;0;1;0;2.201938;91.73486;79.3271;1.311832;318.6569;-0.001188231
C:\Users\padwa\Desktop\Robotics Nanodegree\RoboND-Rover-Project-master\code\Recorded Data\IMG\robocam_2018_06_02_16_59_00_795.jpg;0;1;0;2.245856;91.8698;79.20737;1.314717;318.6425;-0.001183215
C:\Users\padwa\Desktop\Robotics Nanodegree\RoboND-Rover-Project-master\code\Recorded Data\IMG\robocam_2018_06_02_16_59_00_861.jpg;0;1;0;2.289915;91.9733;79.11549;1.318395;318.6304;-0.001226557
C:\Users\padwa\Desktop\Robotics Nanodegree\RoboND-Rover-Project-master\code\Recorded Data\IMG\robocam_2018_06_02_16_59_00_927.jpg;0;1;0;2.348052;92.07874;79.02187;1.322074;318.6205;-0.001253887
C:\Users\padwa\Desktop\Robotics Nanodegree\RoboND-Rover-Project-master\code\Recorded Data\IMG\robocam_2018_06_02_16_59_00_995.jpg;0;1;0;2.391785;92.22233;78.89429;1.324953;318.6036;-0.001266805
C:\Users\padwa\Desktop\Robotics Nanodegree\RoboND-Rover-Project-master\code\Recorded Data\IMG\robocam_2018_06_02_16_59_01_060.jpg;0;1;0;2.435074;92.33231;78.79653;1.330882;318.5921;-0.001272733
C:\Users\padwa\Desktop\Robotics Nanodegree\RoboND-Rover-Project-master\code\Recorded Data\IMG\robocam_2018_06_02_16_59_01_126.jpg;0;1;0;2.492611;92.44417;78.69707;1.334279;318.5822;-0.001316716
C:\Users\padwa\Desktop\Robotics Nanodegree\RoboND-Rover-Project-master\code\Recorded Data\IMG\robocam_2018_06_02_16_59_01_193.jpg;0;1;0;2.535899;92.59624;78.56178;1.333557;318.565;-0.001285064
C:\Users\padwa\Desktop\Robotics Nanodegree\RoboND-Rover-Project-master\code\Recorded Data\IMG\robocam_2018_06_02_16_59_01_260.jpg;2.01204;1;0;2.578713;92.71288;78.45868;1.335582;318.6531;-0.002093541
C:\Users\padwa\Desktop\Robotics Nanodegree\RoboND-Rover-Project-master\code\Recorded Data\IMG\robocam_2018_06_02_16_59_01_326.jpg;6.014691;1;0;2.634632;92.83295;78.35579;1.335197;319.1104;0.001988125
C:\Users\padwa\Desktop\Robotics Nanodegree\RoboND-Rover-Project-master\code\Recorded Data\IMG\robocam_2018_06_02_16_59_01_392.jpg;10.04595;1;0;2.674118;92.99991;78.22216;1.296762;320.5319;0.0777904
C:\Users\padwa\Desktop\Robotics Nanodegree\RoboND-Rover-Project-master\code\Recorded Data\IMG\robocam_2018_06_02_16_59_01_460.jpg;6.126881;1;0;2.713543;93.12818;78.12267;1.214134;321.6476;0.102937
C:\Users\padwa\Desktop\Robotics Nanodegree\RoboND-Rover-Project-master\code\Recorded Data\IMG\robocam_2018_06_02_16_59_01_526.jpg;2.111524;1;0;2.772724;93.25939;78.02215;1.151219;322.3518;0.1250528
C:\Users\padwa\Desktop\Robotics Nanodegree\RoboND-Rover-Project-master\code\Recorded Data\IMG\robocam_2018_06_02_16_59_01_592.jpg;0;1;0;2.813888;93.43764;77.88409;1.136049;322.5707;0.1231933
C:\Users\padwa\Desktop\Robotics Nanodegree\RoboND-Rover-Project-master\code\Recorded Data\IMG\robocam_2018_06_02_16_59_01_659.jpg;1.980585;1;0;2.854668;93.57458;77.77895;1.165547;322.6796;0.1239221
C:\Users\padwa\Desktop\Robotics Nanodegree\RoboND-Rover-Project-master\code\Recorded Data\IMG\robocam_2018_06_02_16_59_01_725.jpg;2.048591;1;0;2.907768;93.71474;77.67398;1.198948;323.059;0.1342321
C:\Users\padwa\Desktop\Robotics Nanodegree\RoboND-Rover-Project-master\code\Recorded Data\IMG\robocam_2018_06_02_16_59_01_793.jpg;0;1;0;2.949257;93.90379;77.53046;1.243951;323.208;0.06809997
C:\Users\padwa\Desktop\Robotics Nanodegree\RoboND-Rover-Project-master\code\Recorded Data\IMG\robocam_2018_06_02_16_59_01_859.jpg;-1.981699;0.8003332;0;2.98952;94.04767;77.42062;1.297485;323.1051;0.003844942
C:\Users\padwa\Desktop\Robotics Nanodegree\RoboND-Rover-Project-master\code\Recorded Data\IMG\robocam_2018_06_02_16_59_01_925.jpg;-5.997602;0.5995381;0;3.02686;94.19196;77.3091;1.337997;322.6473;-0.005414988
C:\Users\padwa\Desktop\Robotics Nanodegree\RoboND-Rover-Project-master\code\Recorded Data\IMG\robocam_2018_06_02_16_59_01_992.jpg;-2.022304;0.4007733;0;3.044696;94.38366;77.1588;1.325473;321.9579;359.9934
C:\Users\padwa\Desktop\Robotics Nanodegree\RoboND-Rover-Project-master\code\Recorded Data\IMG\robocam_2018_06_02_16_59_02_058.jpg;0;0.2003942;0;3.055033;94.52763;77.04649;1.27822;321.8046;-0.003226466
C:\Users\padwa\Desktop\Robotics Nanodegree\RoboND-Rover-Project-master\code\Recorded Data\IMG\robocam_2018_06_02_16_59_02_124.jpg;0;0.001099497;0;3.053204;94.67086;76.93473;1.188402;321.7816;-0.003726617
C:\Users\padwa\Desktop\Robotics Nanodegree\RoboND-Rover-Project-master\code\Recorded Data\IMG\robocam_2018_06_02_16_59_02_191.jpg;0;0;0;3.044259;94.86028;76.78689;1.003545;321.7959;-0.003470829
C:\Users\padwa\Desktop\Robotics Nanodegree\RoboND-Rover-Project-master\code\Recorded Data\IMG\robocam_2018_06_02_16_59_02_258.jpg;-2.021972;0;0;3.034591;95.00076;76.67625;0.8267649;321.7087;359.9792
C:\Users\padwa\Desktop\Robotics Nanodegree\RoboND-Rover-Project-master\code\Recorded Data\IMG\robocam_2018_06_02_16_59_02_324.jpg;0;0;0;3.021418;95.1405;76.5662;0.6293413;321.6442;359.9606
C:\Users\padwa\Desktop\Robotics Nanodegree\RoboND-Rover-Project-master\code\Recorded Data\IMG\robocam_2018_06_02_16_59_02_392.jpg;0;0;0.1005285;3.011399;95.32468;76.41966;0.3363755;321.4772;359.909
C:\Users\padwa\Desktop\Robotics Nanodegree\RoboND-Rover-Project-master\code\Recorded Data\IMG\robocam_2018_06_02_16_59_02_457.jpg;0;0;0.3018072;2.978736;95.45956;76.31244;0.04427557;321.4489;359.8672
C:\Users\padwa\Desktop\Robotics Nanodegree\RoboND-Rover-Project-master\code\Recorded Data\IMG\robocam_2018_06_02_16_59_02_524.jpg;0;0;0.4984671;2.877094;95.58955;76.20975;359.6513;321.4572;359.864
C:\Users\padwa\Desktop\Robotics Nanodegree\RoboND-Rover-Project-master\code\Recorded Data\IMG\robocam_2018_06_02_16_59_02_591.jpg;0;0;0.6962472;2.75801;95.75185;76.08269;358.9381;321.5123;359.9668
C:\Users\padwa\Desktop\Robotics Nanodegree\RoboND-Rover-Project-master\code\Recorded Data\IMG\robocam_2018_06_02_16_59_02_658.jpg;0;0;0.8985391;2.608249;95.86521;75.99282;358.3815;321.5829;0.03746717
C:\Users\padwa\Desktop\Robotics Nanodegree\RoboND-Rover-Project-master\code\Recorded Data\IMG\robocam_2018_06_02_16_59_02_725.jpg;0;0;1;2.458782;95.97412;75.90322;358.0006;321.4731;359.9266
C:\Users\padwa\Desktop\Robotics Nanodegree\RoboND-Rover-Project-master\code\Recorded Data\IMG\robocam_2018_06_02_16_59_02_791.jpg;0;0;1;2.34272;96.11793;75.78983;357.8578;321.3571;359.9859
C:\Users\padwa\Desktop\Robotics Nanodegree\RoboND-Rover-Project-master\code\Recorded Data\IMG\robocam_2018_06_02_16_59_02_858.jpg;0;0;1;2.223236;96.22146;75.70648;357.9736;321.3978;-0.00338055
C:\Users\padwa\Desktop\Robotics Nanodegree\RoboND-Rover-Project-master\code\Recorded Data\IMG\robocam_2018_06_02_16_59_02_924.jpg;0;0;1;2.065998;96.32223;75.6254;358.2932;321.3546;359.9858
C:\Users\padwa\Desktop\Robotics Nanodegree\RoboND-Rover-Project-master\code\Recorded Data\IMG\robocam_2018_06_02_16_59_02_992.jpg;0;0;1;1.948367;96.44725;75.52474;358.8059;321.3615;-0.001995115
C:\Users\padwa\Desktop\Robotics Nanodegree\RoboND-Rover-Project-master\code\Recorded Data\IMG\robocam_2018_06_02_16_59_03_058.jpg;0;0;1;1.704359;96.52333;75.46347;358.8203;321.3526;-0.001611252
C:\Users\padwa\Desktop\Robotics Nanodegree\RoboND-Rover-Project-master\code\Recorded Data\IMG\robocam_2018_06_02_16_59_03_125.jpg;0;0;1;1.402438;96.58648;75.41279;358.5823;321.341;-0.001784506
C:\Users\padwa\Desktop\Robotics Nanodegree\RoboND-Rover-Project-master\code\Recorded Data\IMG\robocam_2018_06_02_16_59_03_191.jpg;0;0;1;1.300412;96.6651;75.34962;358.5289;321.3434;4.772033E-05
C:\Users\padwa\Desktop\Robotics Nanodegree\RoboND-Rover-Project-master\code\Recorded Data\IMG\robocam_2018_06_02_16_59_03_257.jpg;0;0;1;1.169858;96.7194;75.30579;358.6698;321.3528;-0.004414024
C:\Users\padwa\Desktop\Robotics Nanodegree\RoboND-Rover-Project-master\code\Recorded Data\IMG\robocam_2018_06_02_16_59_03_324.jpg;0;0;1;0.9350312;96.76383;75.27006;358.6768;321.356;0.003671512
C:\Users\padwa\Desktop\Robotics Nanodegree\RoboND-Rover-Project-master\code\Recorded Data\IMG\robocam_2018_06_02_16_59_03_391.jpg;0;0;1;0.7529314;96.80445;75.23604;358.4665;321.1268;-0.004138283
C:\Users\padwa\Desktop\Robotics Nanodegree\RoboND-Rover-Project-master\code\Recorded Data\IMG\robocam_2018_06_02_16_59_03_458.jpg;0;0;1;0.5381677;96.82376;75.21865;358.3391;320.967;359.9917
C:\Users\padwa\Desktop\Robotics Nanodegree\RoboND-Rover-Project-master\code\Recorded Data\IMG\robocam_2018_06_02_16_59_03_522.jpg;0;0;1;0.2631407;96.8341;75.20892;358.2033;320.9411;0.008926217
C:\Users\padwa\Desktop\Robotics Nanodegree\RoboND-Rover-Project-master\code\Recorded Data\IMG\robocam_2018_06_02_16_59_03_590.jpg;0;0;1;0.05770299;96.83445;75.20866;358.0919;320.9506;0.01105684
C:\Users\padwa\Desktop\Robotics Nanodegree\RoboND-Rover-Project-master\code\Recorded Data\IMG\robocam_2018_06_02_16_59_03_657.jpg;0;0;1;-0.03724558;96.8345;75.20857;358.317;320.9457;-0.003556274
C:\Users\padwa\Desktop\Robotics Nanodegree\RoboND-Rover-Project-master\code\Recorded Data\IMG\robocam_2018_06_02_16_59_03_723.jpg;0;0;1;-0.1442752;96.83451;75.20859;358.813;320.9502;-0.004218706
C:\Users\padwa\Desktop\Robotics Nanodegree\RoboND-Rover-Project-master\code\Recorded Data\IMG\robocam_2018_06_02_16_59_03_790.jpg;0;0;1;-0.1687662;96.83426;75.2088;359.5605;320.9502;359.9789
C:\Users\padwa\Desktop\Robotics Nanodegree\RoboND-Rover-Project-master\code\Recorded Data\IMG\robocam_2018_06_02_16_59_03_856.jpg;0;0;1;-0.1597011;96.83411;75.20894;0.08495635;320.9504;359.9681
C:\Users\padwa\Desktop\Robotics Nanodegree\RoboND-Rover-Project-master\code\Recorded Data\IMG\robocam_2018_06_02_16_59_03_923.jpg;0;0;1;-0.1440755;96.83397;75.20905;0.5697345;320.9507;359.959
C:\Users\padwa\Desktop\Robotics Nanodegree\RoboND-Rover-Project-master\code\Recorded Data\IMG\robocam_2018_06_02_16_59_03_990.jpg;0;0;1;-0.1191861;96.83382;75.20917;1.085689;320.951;0.01018834
C:\Users\padwa\Desktop\Robotics Nanodegree\RoboND-Rover-Project-master\code\Recorded Data\IMG\robocam_2018_06_02_16_59_04_056.jpg;0;0;1;-0.09537067;96.83353;75.20893;1.347173;320.9503;0.002241509
C:\Users\padwa\Desktop\Robotics Nanodegree\RoboND-Rover-Project-master\code\Recorded Data\IMG\robocam_2018_06_02_16_59_04_123.jpg;0;0;0;-0.02471663;96.83368;75.20921;1.412313;320.9496;0.004922966
C:\Users\padwa\Desktop\Robotics Nanodegree\RoboND-Rover-Project-master\code\Recorded Data\IMG\robocam_2018_06_02_16_59_04_190.jpg;0;0;0;0.02214162;96.83327;75.20871;1.249078;320.9486;0.008975986
C:\Users\padwa\Desktop\Robotics Nanodegree\RoboND-Rover-Project-master\code\Recorded Data\IMG\robocam_2018_06_02_16_59_04_256.jpg;0;0;0;0.05532911;96.83286;75.20813;1.036292;320.9484;0.004504419
C:\Users\padwa\Desktop\Robotics Nanodegree\RoboND-Rover-Project-master\code\Recorded Data\IMG\robocam_2018_06_02_16_59_04_322.jpg;0;0;0;0.06234609;96.83286;75.20802;0.826331;320.9482;0.01921732
C:\Users\padwa\Desktop\Robotics Nanodegree\RoboND-Rover-Project-master\code\Recorded Data\IMG\robocam_2018_06_02_16_59_04_389.jpg;0;0;0;0.06265671;96.83292;75.20795;0.5458106;320.9481;0.03803818
C:\Users\padwa\Desktop\Robotics Nanodegree\RoboND-Rover-Project-master\code\Recorded Data\IMG\robocam_2018_06_02_16_59_04_456.jpg;0;0;0.1002239;0.06165914;96.83298;75.20789;0.34044;320.9482;0.04982982
C:\Users\padwa\Desktop\Robotics Nanodegree\RoboND-Rover-Project-master\code\Recorded Data\IMG\robocam_2018_06_02_16_59_04_521.jpg;0;0;0;0.05859117;96.83302;75.20783;0.1434801;320.9483;0.05956116
C:\Users\padwa\Desktop\Robotics Nanodegree\RoboND-Rover-Project-master\code\Recorded Data\IMG\robocam_2018_06_02_16_59_04_588.jpg;0;0;0;0.05516613;96.83306;75.20779;359.9581;320.9485;0.06721827
C:\Users\padwa\Desktop\Robotics Nanodegree\RoboND-Rover-Project-master\code\Recorded Data\IMG\robocam_2018_06_02_16_59_04_638.jpg;0;0;0;0.05242299;96.83311;75.20773;359.787;320.9488;0.07283247
C:\Users\padwa\Desktop\Robotics Nanodegree\RoboND-Rover-Project-master\code\Recorded Data\IMG\robocam_2018_06_02_16_59_04_688.jpg;0;0;0;0.04772188;96.83315;75.2077;359.6821;320.9489;0.07547092
C:\Users\padwa\Desktop\Robotics Nanodegree\RoboND-Rover-Project-master\code\Recorded Data\IMG\robocam_2018_06_02_16_59_04_738.jpg;0;0;0;0.04425733;96.83318;75.20766;359.5396;320.9492;0.07788374
C:\Users\padwa\Desktop\Robotics Nanodegree\RoboND-Rover-Project-master\code\Recorded Data\IMG\robocam_2018_06_02_16_59_04_804.jpg;0;0;0;0.03493702;96.83322;75.20762;359.4229;320.9497;0.07107849
C:\Users\padwa\Desktop\Robotics Nanodegree\RoboND-Rover-Project-master\code\Recorded Data\IMG\robocam_2018_06_02_16_59_04_855.jpg;0;0;0;0.02993834;96.83325;75.2076;359.3326;320.9499;0.05582787
C:\Users\padwa\Desktop\Robotics Nanodegree\RoboND-Rover-Project-master\code\Recorded Data\IMG\robocam_2018_06_02_16_59_04_905.jpg;0;0;0;0.02287942;96.83327;75.20758;359.2872;320.95;0.04119873
C:\Users\padwa\Desktop\Robotics Nanodegree\RoboND-Rover-Project-master\code\Recorded Data\IMG\robocam_2018_06_02_16_59_04_971.jpg;0;0;0;0.01665519;96.8333;75.20758;359.2249;320.9498;0.00989518
C:\Users\padwa\Desktop\Robotics Nanodegree\RoboND-Rover-Project-master\code\Recorded Data\IMG\robocam_2018_06_02_16_59_05_022.jpg;0;0;0;0.01301913;96.83331;75.20758;359.2076;320.9496;359.9936
C:\Users\padwa\Desktop\Robotics Nanodegree\RoboND-Rover-Project-master\code\Recorded Data\IMG\robocam_2018_06_02_16_59_05_072.jpg;0;0;0;0;96.83333;75.20758;359.201;320.949;359.9779
C:\Users\padwa\Desktop\Robotics Nanodegree\RoboND-Rover-Project-master\code\Recorded Data\IMG\robocam_2018_06_02_16_59_05_121.jpg;0;0;0;0;96.83333;75.2076;359.2071;320.9488;359.9702
C:\Users\padwa\Desktop\Robotics Nanodegree\RoboND-Rover-Project-master\code\Recorded Data\IMG\robocam_2018_06_02_16_59_05_171.jpg;0;0;0;0;96.83333;75.2076;359.2298;320.9486;359.9614
C:\Users\padwa\Desktop\Robotics Nanodegree\RoboND-Rover-Project-master\code\Recorded Data\IMG\robocam_2018_06_02_16_59_05_221.jpg;0;0;0;0;96.83332;75.20761;359.2526;320.9486;359.9567
C:\Users\padwa\Desktop\Robotics Nanodegree\RoboND-Rover-Project-master\code\Recorded Data\IMG\robocam_2018_06_02_16_59_05_288.jpg;0;0;0;-0.0132471;96.83331;75.20763;359.2967;320.9486;359.9509
C:\Users\padwa\Desktop\Robotics Nanodegree\RoboND-Rover-Project-master\code\Recorded Data\IMG\robocam_2018_06_02_16_59_05_338.jpg;0;0;0;-0.01530478;96.83329;75.20765;359.3511;320.9486;359.9467
C:\Users\padwa\Desktop\Robotics Nanodegree\RoboND-Rover-Project-master\code\Recorded Data\IMG\robocam_2018_06_02_16_59_05_388.jpg;0;0;0;-0.01797753;96.83327;75.20766;359.3922;320.9486;359.9447
C:\Users\padwa\Desktop\Robotics Nanodegree\RoboND-Rover-Project-master\code\Recorded Data\IMG\robocam_2018_06_02_16_59_05_455.jpg;0;0;0;-0.0201266;96.83325;75.20769;359.4835;320.9486;359.9425
C:\Users\padwa\Desktop\Robotics Nanodegree\RoboND-Rover-Project-master\code\Recorded Data\IMG\robocam_2018_06_02_16_59_05_504.jpg;0;0;0;-0.02174328;96.83324;75.2077;359.5327;320.9486;359.9423
C:\Users\padwa\Desktop\Robotics Nanodegree\RoboND-Rover-Project-master\code\Recorded Data\IMG\robocam_2018_06_02_16_59_05_554.jpg;0;0;0;-0.02252664;96.83321;75.20772;359.6094;320.9486;359.943
C:\Users\padwa\Desktop\Robotics Nanodegree\RoboND-Rover-Project-master\code\Recorded Data\IMG\robocam_2018_06_02_16_59_05_620.jpg;0;0;0;-0.02327026;96.83318;75.20774;359.688;320.9486;359.9449
C:\Users\padwa\Desktop\Robotics Nanodegree\RoboND-Rover-Project-master\code\Recorded Data\IMG\robocam_2018_06_02_16_59_05_671.jpg;0;0;0;-0.02351665;96.83315;75.20776;359.7668;320.9486;359.9477
C:\Users\padwa\Desktop\Robotics Nanodegree\RoboND-Rover-Project-master\code\Recorded Data\IMG\robocam_2018_06_02_16_59_05_720.jpg;0;0;0;-0.02341976;96.83314;75.20776;359.8188;320.9486;359.95
C:\Users\padwa\Desktop\Robotics Nanodegree\RoboND-Rover-Project-master\code\Recorded Data\IMG\robocam_2018_06_02_16_59_05_787.jpg;0;0;0;-0.02264862;96.83311;75.20778;359.8948;320.9487;359.9541
C:\Users\padwa\Desktop\Robotics Nanodegree\RoboND-Rover-Project-master\code\Recorded Data\IMG\robocam_2018_06_02_16_59_05_838.jpg;0;0;0;-0.02199939;96.8331;75.2078;359.9673;320.9487;359.9588
C:\Users\padwa\Desktop\Robotics Nanodegree\RoboND-Rover-Project-master\code\Recorded Data\IMG\robocam_2018_06_02_16_59_05_886.jpg;0;0;0;-0.0207355;96.83308;75.20781;0.0131464;320.9487;359.9622
C:\Users\padwa\Desktop\Robotics Nanodegree\RoboND-Rover-Project-master\code\Recorded Data\IMG\robocam_2018_06_02_16_59_05_954.jpg;0;0;0;-0.01916768;96.83305;75.20782;0.09745817;320.9487;359.9694
C:\Users\padwa\Desktop\Robotics Nanodegree\RoboND-Rover-Project-master\code\Recorded Data\IMG\robocam_2018_06_02_16_59_05_955.jpg;0;0;0;-0.01797911;96.83305;75.20782;0.09745817;320.9487;359.9694
C:\Users\padwa\Desktop\Robotics Nanodegree\RoboND-Rover-Project-master\code\Recorded Data\IMG\robocam_2018_06_02_16_59_05_971.jpg;0;0;0;-0.01797911;96.83305;75.20782;0.09745817;320.9487;359.9694
C:\Users\padwa\Desktop\Robotics Nanodegree\RoboND-Rover-Project-master\code\Recorded Data\IMG\robocam_2018_06_02_16_59_06_004.jpg;0;0;0;0;96.83305;75.20782;0.09745817;320.9487;359.9694
C:\Users\padwa\Desktop\Robotics Nanodegree\RoboND-Rover-Project-master\code\Recorded Data\IMG\robocam_2018_06_02_16_59_06_021.jpg;0;0;0;0;96.83305;75.20782;0.09745817;320.9487;359.9694
C:\Users\padwa\Desktop\Robotics Nanodegree\RoboND-Rover-Project-master\code\Recorded Data\IMG\robocam_2018_06_02_16_59_06_053.jpg;0;0;0;0;96.83305;75.20782;0.09745817;320.9487;359.9694
C:\Users\padwa\Desktop\Robotics Nanodegree\RoboND-Rover-Project-master\code\Recorded Data\IMG\robocam_2018_06_02_16_59_06_070.jpg;0;0;0;0;96.83305;75.20782;0.09745817;320.9487;359.9694
C:\Users\padwa\Desktop\Robotics Nanodegree\RoboND-Rover-Project-master\code\Recorded Data\IMG\robocam_2018_06_02_16_59_06_103.jpg;0;0;0;0;96.83305;75.20782;0.09745817;320.9487;359.9694
C:\Users\padwa\Desktop\Robotics Nanodegree\RoboND-Rover-Project-master\code\Recorded Data\IMG\robocam_2018_06_02_16_59_06_120.jpg;0;0;0;0;96.83305;75.20782;0.09745817;320.9487;359.9694
C:\Users\padwa\Desktop\Robotics Nanodegree\RoboND-Rover-Project-master\code\Recorded Data\IMG\robocam_2018_06_02_16_59_06_137.jpg;0;0;0;0;96.83305;75.20782;0.09745817;320.9487;359.9694
C:\Users\padwa\Desktop\Robotics Nanodegree\RoboND-Rover-Project-master\code\Recorded Data\IMG\robocam_2018_06_02_16_59_06_170.jpg;0;0;0;0;96.83305;75.20782;0.09745817;320.9487;359.9694
C:\Users\padwa\Desktop\Robotics Nanodegree\RoboND-Rover-Project-master\code\Recorded Data\IMG\robocam_2018_06_02_16_59_06_187.jpg;0;0;0;0;96.83305;75.20782;0.09745817;320.9487;359.9694
C:\Users\padwa\Desktop\Robotics Nanodegree\RoboND-Rover-Project-master\code\Recorded Data\IMG\robocam_2018_06_02_16_59_06_220.jpg;0;0;0;0;96.83305;75.20782;0.09745817;320.9487;359.9694
C:\Users\padwa\Desktop\Robotics Nanodegree\RoboND-Rover-Project-master\code\Recorded Data\IMG\robocam_2018_06_02_16_59_06_236.jpg;0;0;0;0;96.83305;75.20782;0.09745817;320.9487;359.9694
C:\Users\padwa\Desktop\Robotics Nanodegree\RoboND-Rover-Project-master\code\Recorded Data\IMG\robocam_2018_06_02_16_59_06_254.jpg;0;0;0;0;96.83305;75.20782;0.09745817;320.9487;359.9694
C:\Users\padwa\Desktop\Robotics Nanodegree\RoboND-Rover-Project-master\code\Recorded Data\IMG\robocam_2018_06_02_16_59_06_286.jpg;0;0;0;0;96.83305;75.20782;0.09745817;320.9487;359.9694
C:\Users\padwa\Desktop\Robotics Nanodegree\RoboND-Rover-Project-master\code\Recorded Data\IMG\robocam_2018_06_02_16_59_06_304.jpg;0;0;0;0;96.83305;75.20782;0.09745817;320.9487;359.9694
C:\Users\padwa\Desktop\Robotics Nanodegree\RoboND-Rover-Project-master\code\Recorded Data\IMG\robocam_2018_06_02_16_59_06_336.jpg;0;0;0;0;96.83305;75.20782;0.09745817;320.9487;359.9694
C:\Users\padwa\Desktop\Robotics Nanodegree\RoboND-Rover-Project-master\code\Recorded Data\IMG\robocam_2018_06_02_16_59_06_353.jpg;0;0;0;0;96.83305;75.20782;0.09745817;320.9487;359.9694
C:\Users\padwa\Desktop\Robotics Nanodegree\RoboND-Rover-Project-master\code\Recorded Data\IMG\robocam_2018_06_02_16_59_06_386.jpg;0;0;0;0;96.83305;75.20782;0.09745817;320.9487;359.9694
C:\Users\padwa\Desktop\Robotics Nanodegree\RoboND-Rover-Project-master\code\Recorded Data\IMG\robocam_2018_06_02_16_59_06_403.jpg;0;0;0;0;96.83305;75.20782;0.09745817;320.9487;359.9694
C:\Users\padwa\Desktop\Robotics Nanodegree\RoboND-Rover-Project-master\code\Recorded Data\IMG\robocam_2018_06_02_16_59_06_436.jpg;0;0;0;0;96.83305;75.20782;0.09745817;320.9487;359.9694
C:\Users\padwa\Desktop\Robotics Nanodegree\RoboND-Rover-Project-master\code\Recorded Data\IMG\robocam_2018_06_02_16_59_06_453.jpg;0;0;0;0;96.83305;75.20782;0.09745817;320.9487;359.9694
C:\Users\padwa\Desktop\Robotics Nanodegree\RoboND-Rover-Project-master\code\Recorded Data\IMG\robocam_2018_06_02_16_59_06_470.jpg;0;0;0;0;96.83305;75.20782;0.09745817;320.9487;359.9694
C:\Users\padwa\Desktop\Robotics Nanodegree\RoboND-Rover-Project-master\code\Recorded Data\IMG\robocam_2018_06_02_16_59_06_503.jpg;0;0;0;0;96.83305;75.20782;0.09745817;320.9487;359.9694
C:\Users\padwa\Desktop\Robotics Nanodegree\RoboND-Rover-Project-master\code\Recorded Data\IMG\robocam_2018_06_02_16_59_06_521.jpg;0;0;0;0;96.83305;75.20782;0.09745817;320.9487;359.9694
C:\Users\padwa\Desktop\Robotics Nanodegree\RoboND-Rover-Project-master\code\Recorded Data\IMG\robocam_2018_06_02_16_59_06_553.jpg;0;0;0;0;96.83305;75.20782;0.09745817;320.9487;359.9694
C:\Users\padwa\Desktop\Robotics Nanodegree\RoboND-Rover-Project-master\code\Recorded Data\IMG\robocam_2018_06_02_16_59_06_570.jpg;0;0;0;0;96.83305;75.20782;0.09745817;320.9487;359.9694
C:\Users\padwa\Desktop\Robotics Nanodegree\RoboND-Rover-Project-master\code\Recorded Data\IMG\robocam_2018_06_02_16_59_06_602.jpg;0;0;0;0;96.83305;75.20782;0.09745817;320.9487;359.9694
C:\Users\padwa\Desktop\Robotics Nanodegree\RoboND-Rover-Project-master\code\Recorded Data\IMG\robocam_2018_06_02_16_59_06_621.jpg;0;0;0;0;96.83305;75.20782;0.09745817;320.9487;359.9694
C:\Users\padwa\Desktop\Robotics Nanodegree\RoboND-Rover-Project-master\code\Recorded Data\IMG\robocam_2018_06_02_16_59_06_653.jpg;0;0;0;0;96.83305;75.20782;0.09745817;320.9487;359.9694
C:\Users\padwa\Desktop\Robotics Nanodegree\RoboND-Rover-Project-master\code\Recorded Data\IMG\robocam_2018_06_02_16_59_06_669.jpg;0;0;0;0;96.83305;75.20782;0.09745817;320.9487;359.9694
C:\Users\padwa\Desktop\Robotics Nanodegree\RoboND-Rover-Project-master\code\Recorded Data\IMG\robocam_2018_06_02_16_59_06_703.jpg;0;0;0;0;96.83305;75.20782;0.09745817;320.9487;359.9694
C:\Users\padwa\Desktop\Robotics Nanodegree\RoboND-Rover-Project-master\code\Recorded Data\IMG\robocam_2018_06_02_16_59_06_719.jpg;0;0;0;0;96.83305;75.20782;0.09745817;320.9487;359.9694
C:\Users\padwa\Desktop\Robotics Nanodegree\RoboND-Rover-Project-master\code\Recorded Data\IMG\robocam_2018_06_02_16_59_06_737.jpg;0;0;0;0;96.83305;75.20782;0.09745817;320.9487;359.9694
C:\Users\padwa\Desktop\Robotics Nanodegree\RoboND-Rover-Project-master\code\Recorded Data\IMG\robocam_2018_06_02_16_59_06_769.jpg;0;0;0;0;96.83305;75.20782;0.09745817;320.9487;359.9694
C:\Users\padwa\Desktop\Robotics Nanodegree\RoboND-Rover-Project-master\code\Recorded Data\IMG\robocam_2018_06_02_16_59_06_786.jpg;0;0;0;0;96.83305;75.20782;0.09745817;320.9487;359.9694
C:\Users\padwa\Desktop\Robotics Nanodegree\RoboND-Rover-Project-master\code\Recorded Data\IMG\robocam_2018_06_02_16_59_06_819.jpg;0;0;0;0;96.83305;75.20782;0.09745817;320.9487;359.9694
C:\Users\padwa\Desktop\Robotics Nanodegree\RoboND-Rover-Project-master\code\Recorded Data\IMG\robocam_2018_06_02_16_59_06_836.jpg;0;0;0;0;96.83305;75.20782;0.09745817;320.9487;359.9694
C:\Users\padwa\Desktop\Robotics Nanodegree\RoboND-Rover-Project-master\code\Recorded Data\IMG\robocam_2018_06_02_16_59_06_869.jpg;0;0;0;0;96.83305;75.20782;0.09745817;320.9487;359.9694
C:\Users\padwa\Desktop\Robotics Nanodegree\RoboND-Rover-Project-master\code\Recorded Data\IMG\robocam_2018_06_02_16_59_06_885.jpg;0;0;0;0;96.83305;75.20782;0.09745817;320.9487;359.9694
C:\Users\padwa\Desktop\Robotics Nanodegree\RoboND-Rover-Project-master\code\Recorded Data\IMG\robocam_2018_06_02_16_59_06_903.jpg;0;0;0;0;96.83305;75.20782;0.09745817;320.9487;359.9694
C:\Users\padwa\Desktop\Robotics Nanodegree\RoboND-Rover-Project-master\code\Recorded Data\IMG\robocam_2018_06_02_16_59_06_936.jpg;0;0;0;0;96.83305;75.20782;0.09745817;320.9487;359.9694
C:\Users\padwa\Desktop\Robotics Nanodegree\RoboND-Rover-Project-master\code\Recorded Data\IMG\robocam_2018_06_02_16_59_06_953.jpg;0;0;0;0;96.83305;75.20782;0.09745817;320.9487;359.9694
C:\Users\padwa\Desktop\Robotics Nanodegree\RoboND-Rover-Project-master\code\Recorded Data\IMG\robocam_2018_06_02_16_59_06_986.jpg;0;0;0;0;96.83305;75.20782;0.09745817;320.9487;359.9694
C:\Users\padwa\Desktop\Robotics Nanodegree\RoboND-Rover-Project-master\code\Recorded Data\IMG\robocam_2018_06_02_16_59_07_003.jpg;0;0;0;0;96.83305;75.20782;0.09745817;320.9487;359.9694
C:\Users\padwa\Desktop\Robotics Nanodegree\RoboND-Rover-Project-master\code\Recorded Data\IMG\robocam_2018_06_02_16_59_07_036.jpg;0;0;0;0;96.83305;75.20782;0.09745817;320.9487;359.9694
C:\Users\padwa\Desktop\Robotics Nanodegree\RoboND-Rover-Project-master\code\Recorded Data\IMG\robocam_2018_06_02_16_59_07_053.jpg;0;0;0;0;96.83305;75.20782;0.09745817;320.9487;359.9694
C:\Users\padwa\Desktop\Robotics Nanodegree\RoboND-Rover-Project-master\code\Recorded Data\IMG\robocam_2018_06_02_16_59_07_069.jpg;0;0;0;0;96.83305;75.20782;0.09745817;320.9487;359.9694
C:\Users\padwa\Desktop\Robotics Nanodegree\RoboND-Rover-Project-master\code\Recorded Data\IMG\robocam_2018_06_02_16_59_07_102.jpg;0;0;0;0;96.83305;75.20782;0.09745817;320.9487;359.9694
C:\Users\padwa\Desktop\Robotics Nanodegree\RoboND-Rover-Project-master\code\Recorded Data\IMG\robocam_2018_06_02_16_59_07_119.jpg;0;0;0;0;96.83305;75.20782;0.09745817;320.9487;359.9694
C:\Users\padwa\Desktop\Robotics Nanodegree\RoboND-Rover-Project-master\code\Recorded Data\IMG\robocam_2018_06_02_16_59_07_152.jpg;0;0;0;0;96.83305;75.20782;0.09745817;320.9487;359.9694
C:\Users\padwa\Desktop\Robotics Nanodegree\RoboND-Rover-Project-master\code\Recorded Data\IMG\robocam_2018_06_02_16_59_07_169.jpg;0;0;0;0;96.83305;75.20782;0.09745817;320.9487;359.9694
C:\Users\padwa\Desktop\Robotics Nanodegree\RoboND-Rover-Project-master\code\Recorded Data\IMG\robocam_2018_06_02_16_59_07_203.jpg;0;0;0;0;96.83305;75.20782;0.09745817;320.9487;359.9694
C:\Users\padwa\Desktop\Robotics Nanodegree\RoboND-Rover-Project-master\code\Recorded Data\IMG\robocam_2018_06_02_16_59_07_218.jpg;0;0;0;0;96.83305;75.20782;0.09745817;320.9487;359.9694
C:\Users\padwa\Desktop\Robotics Nanodegree\RoboND-Rover-Project-master\code\Recorded Data\IMG\robocam_2018_06_02_16_59_07_236.jpg;0;0;0;0;96.83305;75.20782;0.09745817;320.9487;359.9694
C:\Users\padwa\Desktop\Robotics Nanodegree\RoboND-Rover-Project-master\code\Recorded Data\IMG\robocam_2018_06_02_16_59_07_269.jpg;0;0;0;0;96.83305;75.20782;0.09745817;320.9487;359.9694
C:\Users\padwa\Desktop\Robotics Nanodegree\RoboND-Rover-Project-master\code\Recorded Data\IMG\robocam_2018_06_02_16_59_07_285.jpg;0;0;0;0;96.83305;75.20782;0.09745817;320.9487;359.9694
C:\Users\padwa\Desktop\Robotics Nanodegree\RoboND-Rover-Project-master\code\Recorded Data\IMG\robocam_2018_06_02_16_59_07_318.jpg;0;0;0;0;96.83305;75.20782;0.09745817;320.9487;359.9694
C:\Users\padwa\Desktop\Robotics Nanodegree\RoboND-Rover-Project-master\code\Recorded Data\IMG\robocam_2018_06_02_16_59_07_335.jpg;0;0;0;0;96.83305;75.20782;0.09745817;320.9487;359.9694
C:\Users\padwa\Desktop\Robotics Nanodegree\RoboND-Rover-Project-master\code\Recorded Data\IMG\robocam_2018_06_02_16_59_07_352.jpg;0;0;0;0;96.83305;75.20782;0.09745817;320.9487;359.9694
C:\Users\padwa\Desktop\Robotics Nanodegree\RoboND-Rover-Project-master\code\Recorded Data\IMG\robocam_2018_06_02_16_59_07_385.jpg;0;0;0;0;96.83305;75.20782;0.09745817;320.9487;359.9694
C:\Users\padwa\Desktop\Robotics Nanodegree\RoboND-Rover-Project-master\code\Recorded Data\IMG\robocam_2018_06_02_16_59_07_403.jpg;0;0;0;0;96.83305;75.20782;0.09745817;320.9487;359.9694
C:\Users\padwa\Desktop\Robotics Nanodegree\RoboND-Rover-Project-master\code\Recorded Data\IMG\robocam_2018_06_02_16_59_07_435.jpg;0;0;0;0;96.83305;75.20782;0.09745817;320.9487;359.9694
C:\Users\padwa\Desktop\Robotics Nanodegree\RoboND-Rover-Project-master\code\Recorded Data\IMG\robocam_2018_06_02_16_59_07_453.jpg;0;0;0;0;96.83305;75.20782;0.09745817;320.9487;359.9694
C:\Users\padwa\Desktop\Robotics Nanodegree\RoboND-Rover-Project-master\code\Recorded Data\IMG\robocam_2018_06_02_16_59_07_485.jpg;0;0;0;0;96.83305;75.20782;0.09745817;320.9487;359.9694
C:\Users\padwa\Desktop\Robotics Nanodegree\RoboND-Rover-Project-master\code\Recorded Data\IMG\robocam_2018_06_02_16_59_07_502.jpg;0;0;0;0;96.83305;75.20782;0.09745817;320.9487;359.9694
C:\Users\padwa\Desktop\Robotics Nanodegree\RoboND-Rover-Project-master\code\Recorded Data\IMG\robocam_2018_06_02_16_59_07_519.jpg;0;0;0;0;96.83305;75.20782;0.09745817;320.9487;359.9694
C:\Users\padwa\Desktop\Robotics Nanodegree\RoboND-Rover-Project-master\code\Recorded Data\IMG\robocam_2018_06_02_16_59_07_551.jpg;0;0;0;0;96.83305;75.20782;0.09745817;320.9487;359.9694
C:\Users\padwa\Desktop\Robotics Nanodegree\RoboND-Rover-Project-master\code\Recorded Data\IMG\robocam_2018_06_02_16_59_07_568.jpg;0;0;0;0;96.83305;75.20782;0.09745817;320.9487;359.9694
C:\Users\padwa\Desktop\Robotics Nanodegree\RoboND-Rover-Project-master\code\Recorded Data\IMG\robocam_2018_06_02_16_59_07_602.jpg;0;0;0;0;96.83305;75.20782;0.09745817;320.9487;359.9694
C:\Users\padwa\Desktop\Robotics Nanodegree\RoboND-Rover-Project-master\code\Recorded Data\IMG\robocam_2018_06_02_16_59_07_619.jpg;0;0;0;0;96.83305;75.20782;0.09745817;320.9487;359.9694
C:\Users\padwa\Desktop\Robotics Nanodegree\RoboND-Rover-Project-master\code\Recorded Data\IMG\robocam_2018_06_02_16_59_07_653.jpg;0;0;0;0;96.83305;75.20782;0.09745817;320.9487;359.9694
C:\Users\padwa\Desktop\Robotics Nanodegree\RoboND-Rover-Project-master\code\Recorded Data\IMG\robocam_2018_06_02_16_59_07_668.jpg;0;0;0;0;96.83305;75.20782;0.09745817;320.9487;359.9694
C:\Users\padwa\Desktop\Robotics Nanodegree\RoboND-Rover-Project-master\code\Recorded Data\IMG\robocam_2018_06_02_16_59_07_701.jpg;0;0;0;0;96.83305;75.20782;0.09745817;320.9487;359.9694
C:\Users\padwa\Desktop\Robotics Nanodegree\RoboND-Rover-Project-master\code\Recorded Data\IMG\robocam_2018_06_02_16_59_07_718.jpg;0;0;0;0;96.83305;75.20782;0.09745817;320.9487;359.9694
C:\Users\padwa\Desktop\Robotics Nanodegree\RoboND-Rover-Project-master\code\Recorded Data\IMG\robocam_2018_06_02_16_59_07_735.jpg;0;0;0;0;96.83305;75.20782;0.09745817;320.9487;359.9694
C:\Users\padwa\Desktop\Robotics Nanodegree\RoboND-Rover-Project-master\code\Recorded Data\IMG\robocam_2018_06_02_16_59_07_768.jpg;0;0;0;0;96.83305;75.20782;0.09745817;320.9487;359.9694
C:\Users\padwa\Desktop\Robotics Nanodegree\RoboND-Rover-Project-master\code\Recorded Data\IMG\robocam_2018_06_02_16_59_07_785.jpg;0;0;0;0;96.83305;75.20782;0.09745817;320.9487;359.9694
C:\Users\padwa\Desktop\Robotics Nanodegree\RoboND-Rover-Project-master\code\Recorded Data\IMG\robocam_2018_06_02_16_59_07_818.jpg;0;0;0;0;96.83305;75.20782;0.09745817;320.9487;359.9694
C:\Users\padwa\Desktop\Robotics Nanodegree\RoboND-Rover-Project-master\code\Recorded Data\IMG\robocam_2018_06_02_16_59_07_835.jpg;0;0;0;0;96.83305;75.20782;0.09745817;320.9487;359.9694
C:\Users\padwa\Desktop\Robotics Nanodegree\RoboND-Rover-Project-master\code\Recorded Data\IMG\robocam_2018_06_02_16_59_07_868.jpg;0;0;0;0;96.83305;75.20782;0.09745817;320.9487;359.9694
C:\Users\padwa\Desktop\Robotics Nanodegree\RoboND-Rover-Project-master\code\Recorded Data\IMG\robocam_2018_06_02_16_59_07_885.jpg;0;0;0;0;96.83305;75.20782;0.09745817;320.9487;359.9694
C:\Users\padwa\Desktop\Robotics Nanodegree\RoboND-Rover-Project-master\code\Recorded Data\IMG\robocam_2018_06_02_16_59_07_902.jpg;0;0;0;0;96.83305;75.20782;0.09745817;320.9487;359.9694
C:\Users\padwa\Desktop\Robotics Nanodegree\RoboND-Rover-Project-master\code\Recorded Data\IMG\robocam_2018_06_02_16_59_07_934.jpg;0;0;0;0;96.83305;75.20782;0.09745817;320.9487;359.9694
C:\Users\padwa\Desktop\Robotics Nanodegree\RoboND-Rover-Project-master\code\Recorded Data\IMG\robocam_2018_06_02_16_59_07_952.jpg;0;0;0;0;96.83305;75.20782;0.09745817;320.9487;359.9694
C:\Users\padwa\Desktop\Robotics Nanodegree\RoboND-Rover-Project-master\code\Recorded Data\IMG\robocam_2018_06_02_16_59_07_984.jpg;0;0;0;0;96.83305;75.20782;0.09745817;320.9487;359.9694
C:\Users\padwa\Desktop\Robotics Nanodegree\RoboND-Rover-Project-master\code\Recorded Data\IMG\robocam_2018_06_02_16_59_08_002.jpg;0;0;0;0;96.83305;75.20782;0.09745817;320.9487;359.9694
C:\Users\padwa\Desktop\Robotics Nanodegree\RoboND-Rover-Project-master\code\Recorded Data\IMG\robocam_2018_06_02_16_59_08_034.jpg;0;0;0;0;96.83305;75.20782;0.09745817;320.9487;359.9694
C:\Users\padwa\Desktop\Robotics Nanodegree\RoboND-Rover-Project-master\code\Recorded Data\IMG\robocam_2018_06_02_16_59_08_052.jpg;0;0;0;0;96.83305;75.20782;0.09745817;320.9487;359.9694
C:\Users\padwa\Desktop\Robotics Nanodegree\RoboND-Rover-Project-master\code\Recorded Data\IMG\robocam_2018_06_02_16_59_08_084.jpg;0;0;0;0;96.83305;75.20782;0.09745817;320.9487;359.9694
C:\Users\padwa\Desktop\Robotics Nanodegree\RoboND-Rover-Project-master\code\Recorded Data\IMG\robocam_2018_06_02_16_59_08_100.jpg;0;0;0;0;96.83305;75.20782;0.09745817;320.9487;359.9694
C:\Users\padwa\Desktop\Robotics Nanodegree\RoboND-Rover-Project-master\code\Recorded Data\IMG\robocam_2018_06_02_16_59_08_118.jpg;0;0;0;0;96.83305;75.20782;0.09745817;320.9487;359.9694
C:\Users\padwa\Desktop\Robotics Nanodegree\RoboND-Rover-Project-master\code\Recorded Data\IMG\robocam_2018_06_02_16_59_08_151.jpg;0;0;0;0;96.83305;75.20782;0.09745817;320.9487;359.9694
C:\Users\padwa\Desktop\Robotics Nanodegree\RoboND-Rover-Project-master\code\Recorded Data\IMG\robocam_2018_06_02_16_59_08_167.jpg;0;0;0;0;96.83305;75.20782;0.09745817;320.9487;359.9694
C:\Users\padwa\Desktop\Robotics Nanodegree\RoboND-Rover-Project-master\code\Recorded Data\IMG\robocam_2018_06_02_16_59_08_201.jpg;0;0;0;0;96.83305;75.20782;0.09745817;320.9487;359.9694
C:\Users\padwa\Desktop\Robotics Nanodegree\RoboND-Rover-Project-master\code\Recorded Data\IMG\robocam_2018_06_02_16_59_08_217.jpg;0;0;0;0;96.83305;75.20782;0.09745817;320.9487;359.9694
C:\Users\padwa\Desktop\Robotics Nanodegree\RoboND-Rover-Project-master\code\Recorded Data\IMG\robocam_2018_06_02_16_59_08_234.jpg;0;0;0;0;96.83305;75.20782;0.09745817;320.9487;359.9694
C:\Users\padwa\Desktop\Robotics Nanodegree\RoboND-Rover-Project-master\code\Recorded Data\IMG\robocam_2018_06_02_16_59_08_267.jpg;0;0;0;0;96.83305;75.20782;0.09745817;320.9487;359.9694
C:\Users\padwa\Desktop\Robotics Nanodegree\RoboND-Rover-Project-master\code\Recorded Data\IMG\robocam_2018_06_02_16_59_08_284.jpg;0;0;0;0;96.83305;75.20782;0.09745817;320.9487;359.9694
C:\Users\padwa\Desktop\Robotics Nanodegree\RoboND-Rover-Project-master\code\Recorded Data\IMG\robocam_2018_06_02_16_59_08_318.jpg;0;0;0;0;96.83305;75.20782;0.09745817;320.9487;359.9694
C:\Users\padwa\Desktop\Robotics Nanodegree\RoboND-Rover-Project-master\code\Recorded Data\IMG\robocam_2018_06_02_16_59_08_334.jpg;0;0;0;0;96.83305;75.20782;0.09745817;320.9487;359.9694
C:\Users\padwa\Desktop\Robotics Nanodegree\RoboND-Rover-Project-master\code\Recorded Data\IMG\robocam_2018_06_02_16_59_08_367.jpg;0;0;0;0;96.83305;75.20782;0.09745817;320.9487;359.9694
C:\Users\padwa\Desktop\Robotics Nanodegree\RoboND-Rover-Project-master\code\Recorded Data\IMG\robocam_2018_06_02_16_59_08_384.jpg;0;0;0;0;96.83305;75.20782;0.09745817;320.9487;359.9694
C:\Users\padwa\Desktop\Robotics Nanodegree\RoboND-Rover-Project-master\code\Recorded Data\IMG\robocam_2018_06_02_16_59_08_400.jpg;0;0;0;0;96.83305;75.20782;0.09745817;320.9487;359.9694
C:\Users\padwa\Desktop\Robotics Nanodegree\RoboND-Rover-Project-master\code\Recorded Data\IMG\robocam_2018_06_02_16_59_08_434.jpg;0;0;0;0;96.83305;75.20782;0.09745817;320.9487;359.9694
C:\Users\padwa\Desktop\Robotics Nanodegree\RoboND-Rover-Project-master\code\Recorded Data\IMG\robocam_2018_06_02_16_59_08_451.jpg;0;0;0;0;96.83305;75.20782;0.09745817;320.9487;359.9694
C:\Users\padwa\Desktop\Robotics Nanodegree\RoboND-Rover-Project-master\code\Recorded Data\IMG\robocam_2018_06_02_16_59_08_484.jpg;0;0;0;0;96.83305;75.20782;0.09745817;320.9487;359.9694
C:\Users\padwa\Desktop\Robotics Nanodegree\RoboND-Rover-Project-master\code\Recorded Data\IMG\robocam_2018_06_02_16_59_08_500.jpg;0;0;0;0;96.83305;75.20782;0.09745817;320.9487;359.9694
C:\Users\padwa\Desktop\Robotics Nanodegree\RoboND-Rover-Project-master\code\Recorded Data\IMG\robocam_2018_06_02_16_59_08_517.jpg;0;0;0;0;96.83305;75.20782;0.09745817;320.9487;359.9694
C:\Users\padwa\Desktop\Robotics Nanodegree\RoboND-Rover-Project-master\code\Recorded Data\IMG\robocam_2018_06_02_16_59_08_550.jpg;0;0;0;0;96.83305;75.20782;0.09745817;320.9487;359.9694
C:\Users\padwa\Desktop\Robotics Nanodegree\RoboND-Rover-Project-master\code\Recorded Data\IMG\robocam_2018_06_02_16_59_08_567.jpg;0;0;0;0;96.83305;75.20782;0.09745817;320.9487;359.9694
C:\Users\padwa\Desktop\Robotics Nanodegree\RoboND-Rover-Project-master\code\Recorded Data\IMG\robocam_2018_06_02_16_59_08_601.jpg;0;0;0;0;96.83305;75.20782;0.09745817;320.9487;359.9694
C:\Users\padwa\Desktop\Robotics Nanodegree\RoboND-Rover-Project-master\code\Recorded Data\IMG\robocam_2018_06_02_16_59_08_617.jpg;0;0;0;0;96.83305;75.20782;0.09745817;320.9487;359.9694
C:\Users\padwa\Desktop\Robotics Nanodegree\RoboND-Rover-Project-master\code\Recorded Data\IMG\robocam_2018_06_02_16_59_08_650.jpg;0;0;0;0;96.83305;75.20782;0.09745817;320.9487;359.9694
C:\Users\padwa\Desktop\Robotics Nanodegree\RoboND-Rover-Project-master\code\Recorded Data\IMG\robocam_2018_06_02_16_59_08_667.jpg;0;0;0;0;96.83305;75.20782;0.09745817;320.9487;359.9694
C:\Users\padwa\Desktop\Robotics Nanodegree\RoboND-Rover-Project-master\code\Recorded Data\IMG\robocam_2018_06_02_16_59_08_683.jpg;0;0;0;0;96.83305;75.20782;0.09745817;320.9487;359.9694
C:\Users\padwa\Desktop\Robotics Nanodegree\RoboND-Rover-Project-master\code\Recorded Data\IMG\robocam_2018_06_02_16_59_08_717.jpg;0;0;0;0;96.83305;75.20782;0.09745817;320.9487;359.9694
C:\Users\padwa\Desktop\Robotics Nanodegree\RoboND-Rover-Project-master\code\Recorded Data\IMG\robocam_2018_06_02_16_59_08_733.jpg;0;0;0;0;96.83305;75.20782;0.09745817;320.9487;359.9694
C:\Users\padwa\Desktop\Robotics Nanodegree\RoboND-Rover-Project-master\code\Recorded Data\IMG\robocam_2018_06_02_16_59_08_767.jpg;0;0;0;0;96.83305;75.20782;0.09745817;320.9487;359.9694
C:\Users\padwa\Desktop\Robotics Nanodegree\RoboND-Rover-Project-master\code\Recorded Data\IMG\robocam_2018_06_02_16_59_08_783.jpg;0;0;0;0;96.83305;75.20782;0.09745817;320.9487;359.9694
C:\Users\padwa\Desktop\Robotics Nanodegree\RoboND-Rover-Project-master\code\Recorded Data\IMG\robocam_2018_06_02_16_59_08_817.jpg;0;0;0;0;96.83305;75.20782;0.09745817;320.9487;359.9694
C:\Users\padwa\Desktop\Robotics Nanodegree\RoboND-Rover-Project-master\code\Recorded Data\IMG\robocam_2018_06_02_16_59_08_833.jpg;0;0;0;0;96.83305;75.20782;0.09745817;320.9487;359.9694
C:\Users\padwa\Desktop\Robotics Nanodegree\RoboND-Rover-Project-master\code\Recorded Data\IMG\robocam_2018_06_02_16_59_08_849.jpg;0;0;0;0;96.83305;75.20782;0.09745817;320.9487;359.9694
C:\Users\padwa\Desktop\Robotics Nanodegree\RoboND-Rover-Project-master\code\Recorded Data\IMG\robocam_2018_06_02_16_59_08_883.jpg;0;0;0;0;96.83305;75.20782;0.09745817;320.9487;359.9694
C:\Users\padwa\Desktop\Robotics Nanodegree\RoboND-Rover-Project-master\code\Recorded Data\IMG\robocam_2018_06_02_16_59_08_900.jpg;0;0;0;0;96.83305;75.20782;0.09745817;320.9487;359.9694
C:\Users\padwa\Desktop\Robotics Nanodegree\RoboND-Rover-Project-master\code\Recorded Data\IMG\robocam_2018_06_02_16_59_08_933.jpg;0;0;0;0;96.83305;75.20782;0.09745817;320.9487;359.9694
C:\Users\padwa\Desktop\Robotics Nanodegree\RoboND-Rover-Project-master\code\Recorded Data\IMG\robocam_2018_06_02_16_59_08_950.jpg;0;0;0;0;96.83305;75.20782;0.09745817;320.9487;359.9694
C:\Users\padwa\Desktop\Robotics Nanodegree\RoboND-Rover-Project-master\code\Recorded Data\IMG\robocam_2018_06_02_16_59_08_983.jpg;0;0;0;0;96.83305;75.20782;0.09745817;320.9487;359.9694
C:\Users\padwa\Desktop\Robotics Nanodegree\RoboND-Rover-Project-master\code\Recorded Data\IMG\robocam_2018_06_02_16_59_09_000.jpg;0;0;0;0;96.83305;75.20782;0.09745817;320.9487;359.9694
C:\Users\padwa\Desktop\Robotics Nanodegree\RoboND-Rover-Project-master\code\Recorded Data\IMG\robocam_2018_06_02_16_59_09_016.jpg;0;0;0;0;96.83305;75.20782;0.09745817;320.9487;359.9694
C:\Users\padwa\Desktop\Robotics Nanodegree\RoboND-Rover-Project-master\code\Recorded Data\IMG\robocam_2018_06_02_16_59_09_051.jpg;0;0;0;0;96.83305;75.20782;0.09745817;320.9487;359.9694
C:\Users\padwa\Desktop\Robotics Nanodegree\RoboND-Rover-Project-master\code\Recorded Data\IMG\robocam_2018_06_02_16_59_09_067.jpg;0;0;0;0;96.83305;75.20782;0.09745817;320.9487;359.9694
C:\Users\padwa\Desktop\Robotics Nanodegree\RoboND-Rover-Project-master\code\Recorded Data\IMG\robocam_2018_06_02_16_59_09_100.jpg;0;0;0;0;96.83305;75.20782;0.09745817;320.9487;359.9694
C:\Users\padwa\Desktop\Robotics Nanodegree\RoboND-Rover-Project-master\code\Recorded Data\IMG\robocam_2018_06_02_16_59_09_116.jpg;0;0;0;0;96.83305;75.20782;0.09745817;320.9487;359.9694
C:\Users\padwa\Desktop\Robotics Nanodegree\RoboND-Rover-Project-master\code\Recorded Data\IMG\robocam_2018_06_02_16_59_09_150.jpg;0;0;0;0;96.83305;75.20782;0.09745817;320.9487;359.9694
C:\Users\padwa\Desktop\Robotics Nanodegree\RoboND-Rover-Project-master\code\Recorded Data\IMG\robocam_2018_06_02_16_59_09_166.jpg;0;0;0;0;96.83305;75.20782;0.09745817;320.9487;359.9694
C:\Users\padwa\Desktop\Robotics Nanodegree\RoboND-Rover-Project-master\code\Recorded Data\IMG\robocam_2018_06_02_16_59_09_183.jpg;0;0;0;0;96.83305;75.20782;0.09745817;320.9487;359.9694
C:\Users\padwa\Desktop\Robotics Nanodegree\RoboND-Rover-Project-master\code\Recorded Data\IMG\robocam_2018_06_02_16_59_09_216.jpg;0;0;0;0;96.83305;75.20782;0.09745817;320.9487;359.9694
C:\Users\padwa\Desktop\Robotics Nanodegree\RoboND-Rover-Project-master\code\Recorded Data\IMG\robocam_2018_06_02_16_59_09_233.jpg;0;0;0;0;96.83305;75.20782;0.09745817;320.9487;359.9694
C:\Users\padwa\Desktop\Robotics Nanodegree\RoboND-Rover-Project-master\code\Recorded Data\IMG\robocam_2018_06_02_16_59_09_266.jpg;0;0;0;0;96.83305;75.20782;0.09745817;320.9487;359.9694
C:\Users\padwa\Desktop\Robotics Nanodegree\RoboND-Rover-Project-master\code\Recorded Data\IMG\robocam_2018_06_02_16_59_09_284.jpg;0;0;0;0;96.83305;75.20782;0.09745817;320.9487;359.9694
C:\Users\padwa\Desktop\Robotics Nanodegree\RoboND-Rover-Project-master\code\Recorded Data\IMG\robocam_2018_06_02_16_59_09_316.jpg;0;0;0;0;96.83305;75.20782;0.09745817;320.9487;359.9694
C:\Users\padwa\Desktop\Robotics Nanodegree\RoboND-Rover-Project-master\code\Recorded Data\IMG\robocam_2018_06_02_16_59_09_333.jpg;0;0;0;0;96.83305;75.20782;0.09745817;320.9487;359.9694
C:\Users\padwa\Desktop\Robotics Nanodegree\RoboND-Rover-Project-master\code\Recorded Data\IMG\robocam_2018_06_02_16_59_09_349.jpg;0;0;0;0;96.83305;75.20782;0.09745817;320.9487;359.9694
C:\Users\padwa\Desktop\Robotics Nanodegree\RoboND-Rover-Project-master\code\Recorded Data\IMG\robocam_2018_06_02_16_59_09_382.jpg;0;0;0;0;96.83305;75.20782;0.09745817;320.9487;359.9694
C:\Users\padwa\Desktop\Robotics Nanodegree\RoboND-Rover-Project-master\code\Recorded Data\IMG\robocam_2018_06_02_16_59_09_400.jpg;0;0;0;0;96.83305;75.20782;0.09745817;320.9487;359.9694
C:\Users\padwa\Desktop\Robotics Nanodegree\RoboND-Rover-Project-master\code\Recorded Data\IMG\robocam_2018_06_02_16_59_09_433.jpg;0;0;0;0;96.83305;75.20782;0.09745817;320.9487;359.9694
C:\Users\padwa\Desktop\Robotics Nanodegree\RoboND-Rover-Project-master\code\Recorded Data\IMG\robocam_2018_06_02_16_59_09_449.jpg;0;0;0;0;96.83305;75.20782;0.09745817;320.9487;359.9694
C:\Users\padwa\Desktop\Robotics Nanodegree\RoboND-Rover-Project-master\code\Recorded Data\IMG\robocam_2018_06_02_16_59_09_482.jpg;0;0;0;0;96.83305;75.20782;0.09745817;320.9487;359.9694
C:\Users\padwa\Desktop\Robotics Nanodegree\RoboND-Rover-Project-master\code\Recorded Data\IMG\robocam_2018_06_02_16_59_09_499.jpg;0;0;0;0;96.83305;75.20782;0.09745817;320.9487;359.9694
C:\Users\padwa\Desktop\Robotics Nanodegree\RoboND-Rover-Project-master\code\Recorded Data\IMG\robocam_2018_06_02_16_59_09_516.jpg;0;0;0;0;96.83305;75.20782;0.09745817;320.9487;359.9694
C:\Users\padwa\Desktop\Robotics Nanodegree\RoboND-Rover-Project-master\code\Recorded Data\IMG\robocam_2018_06_02_16_59_09_549.jpg;0;0;0;0;96.83305;75.20782;0.09745817;320.9487;359.9694
C:\Users\padwa\Desktop\Robotics Nanodegree\RoboND-Rover-Project-master\code\Recorded Data\IMG\robocam_2018_06_02_16_59_09_566.jpg;0;0;0;0;96.83305;75.20782;0.09745817;320.9487;359.9694
C:\Users\padwa\Desktop\Robotics Nanodegree\RoboND-Rover-Project-master\code\Recorded Data\IMG\robocam_2018_06_02_16_59_09_599.jpg;0;0;0;0;96.83305;75.20782;0.09745817;320.9487;359.9694
C:\Users\padwa\Desktop\Robotics Nanodegree\RoboND-Rover-Project-master\code\Recorded Data\IMG\robocam_2018_06_02_16_59_09_616.jpg;0;0;0;0;96.83305;75.20782;0.09745817;320.9487;359.9694
C:\Users\padwa\Desktop\Robotics Nanodegree\RoboND-Rover-Project-master\code\Recorded Data\IMG\robocam_2018_06_02_16_59_09_632.jpg;0;0;0;0;96.83305;75.20782;0.09745817;320.9487;359.9694
C:\Users\padwa\Desktop\Robotics Nanodegree\RoboND-Rover-Project-master\code\Recorded Data\IMG\robocam_2018_06_02_16_59_09_665.jpg;0;0;0;0;96.83305;75.20782;0.09745817;320.9487;359.9694
C:\Users\padwa\Desktop\Robotics Nanodegree\RoboND-Rover-Project-master\code\Recorded Data\IMG\robocam_2018_06_02_16_59_09_683.jpg;0;0;0;0;96.83305;75.20782;0.09745817;320.9487;359.9694
C:\Users\padwa\Desktop\Robotics Nanodegree\RoboND-Rover-Project-master\code\Recorded Data\IMG\robocam_2018_06_02_16_59_09_715.jpg;0;0;0;0;96.83305;75.20782;0.09745817;320.9487;359.9694
C:\Users\padwa\Desktop\Robotics Nanodegree\RoboND-Rover-Project-master\code\Recorded Data\IMG\robocam_2018_06_02_16_59_09_734.jpg;0;0;0;0;96.83305;75.20782;0.09745817;320.9487;359.9694
C:\Users\padwa\Desktop\Robotics Nanodegree\RoboND-Rover-Project-master\code\Recorded Data\IMG\robocam_2018_06_02_16_59_09_767.jpg;0;0;0;0;96.83305;75.20782;0.09745817;320.9487;359.9694
C:\Users\padwa\Desktop\Robotics Nanodegree\RoboND-Rover-Project-master\code\Recorded Data\IMG\robocam_2018_06_02_16_59_09_782.jpg;0;0;0;0;96.83305;75.20782;0.09745817;320.9487;359.9694
C:\Users\padwa\Desktop\Robotics Nanodegree\RoboND-Rover-Project-master\code\Recorded Data\IMG\robocam_2018_06_02_16_59_09_816.jpg;0;0;0;0;96.83305;75.20782;0.09745817;320.9487;359.9694
C:\Users\padwa\Desktop\Robotics Nanodegree\RoboND-Rover-Project-master\code\Recorded Data\IMG\robocam_2018_06_02_16_59_09_832.jpg;0;0;0;0;96.83305;75.20782;0.09745817;320.9487;359.9694
C:\Users\padwa\Desktop\Robotics Nanodegree\RoboND-Rover-Project-master\code\Recorded Data\IMG\robocam_2018_06_02_16_59_09_849.jpg;0;0;0;0;96.83305;75.20782;0.09745817;320.9487;359.9694
C:\Users\padwa\Desktop\Robotics Nanodegree\RoboND-Rover-Project-master\code\Recorded Data\IMG\robocam_2018_06_02_16_59_09_882.jpg;0;0;0;0;96.83305;75.20782;0.09745817;320.9487;359.9694
C:\Users\padwa\Desktop\Robotics Nanodegree\RoboND-Rover-Project-master\code\Recorded Data\IMG\robocam_2018_06_02_16_59_09_899.jpg;0;0;0;0;96.83305;75.20782;0.09745817;320.9487;359.9694
C:\Users\padwa\Desktop\Robotics Nanodegree\RoboND-Rover-Project-master\code\Recorded Data\IMG\robocam_2018_06_02_16_59_09_931.jpg;0;0;0;0;96.83305;75.20782;0.09745817;320.9487;359.9694
C:\Users\padwa\Desktop\Robotics Nanodegree\RoboND-Rover-Project-master\code\Recorded Data\IMG\robocam_2018_06_02_16_59_09_948.jpg;0;0;0;0;96.83305;75.20782;0.09745817;320.9487;359.9694
C:\Users\padwa\Desktop\Robotics Nanodegree\RoboND-Rover-Project-master\code\Recorded Data\IMG\robocam_2018_06_02_16_59_09_966.jpg;0;0;0;0;96.83305;75.20782;0.09745817;320.9487;359.9694
C:\Users\padwa\Desktop\Robotics Nanodegree\RoboND-Rover-Project-master\code\Recorded Data\IMG\robocam_2018_06_02_16_59_09_998.jpg;0;0;0;0;96.83305;75.20782;0.09745817;320.9487;359.9694
C:\Users\padwa\Desktop\Robotics Nanodegree\RoboND-Rover-Project-master\code\Recorded Data\IMG\robocam_2018_06_02_16_59_10_016.jpg;0;0;0;0;96.83305;75.20782;0.09745817;320.9487;359.9694
C:\Users\padwa\Desktop\Robotics Nanodegree\RoboND-Rover-Project-master\code\Recorded Data\IMG\robocam_2018_06_02_16_59_10_048.jpg;0;0;0;0;96.83305;75.20782;0.09745817;320.9487;359.9694
